{
  "editorVersion": "6.4.25",
  "docType": "5",
  "title": "Sheet1.SchDoc",
  "description": "",
  "colors": {},
  "schematics": [
    {
      "docType": "1",
      "title": "Sheet1.SchDoc",
      "description": "",
      "dataStr": {
        "head": {
          "docType": "1",
          "editorVersion": "6.4.25",
          "importedFrom": "Altium",
          "uuid": "sheet_014312614106742227",
          "x": "45",
          "y": "visible",
          "portOfADImportHack": "",
          "importFlag": 0,
          "c_para": {},
          "transformList": "",
          "hasIdFlag": true,
          "newgId": true,
          "c_spiceCmd": null
        },
        "canvas": "CA~1000~1000~#FFFFFF~yes~#CCCCCC~5~1000~1000~line~5~pixel~5~0~0",
        "shape": [
          "LIB~440~-385~package`FPC10P-0.5MM`~~0~gge34892bf4c29d473e~~~0~~yes~yes~~~#@$T~N~390~-314.6164~0~#000080~Times New Roman~6.5pt~5~~text-after-edge~comment~SPI154M1-240x240- FPC封装~1~start~rep2~0~#@$T~P~390~-445~0~#000080~Times New Roman~6.5pt~5~~text-after-edge~comment~LCD?~1~start~rep3~0~#@$R~390~-445~~~100~120~#4C5870~1~0~#EBEDEC~rep4~0~#@$P~show~~1~520~-415~0~rep5~0^^520~-415^^M 520 -415 h -30~#204969^^1~482~-410.5~0~3.3V~end~Times New Roman~6.5pt~#204969^^1~495~-417~0~1~start~Times New Roman~6.5pt~#204969^^0~493~-415^^0~M 490 -418 L 487 -415 L 490 -412#@$P~show~~2~520~-405~0~rep6~0^^520~-405^^M 520 -405 h -30~#000000^^1~482~-400.5~0~3.3V~end~Times New Roman~6.5pt~#000000^^1~495~-407~0~2~start~Times New Roman~6.5pt~#000000^^0~493~-405^^0~M 490 -408 L 487 -405 L 490 -402#@$P~show~~3~520~-380~0~rep7~0^^520~-380^^M 520 -380 h -30~#000000^^1~482~-375.5~0~GND~end~Times New Roman~6.5pt~#000000^^1~495~-382~0~3~start~Times New Roman~6.5pt~#000000^^0~493~-380^^0~M 490 -383 L 487 -380 L 490 -377#@$P~show~~9~360~-415~180~rep8~0^^360~-415^^M 360 -415 h 30~#000000^^1~398~-410.5~0~SPI_SCL~start~Times New Roman~6.5pt~#000000^^1~385~-417~0~9~end~Times New Roman~6.5pt~#000000^^0~387~-415^^0~M 390 -412 L 393 -415 L 390 -418#@$P~show~~8~520~-370~0~rep9~0^^520~-370^^M 520 -370 h -30~#000000^^1~482~-365.5~0~GND~end~Times New Roman~6.5pt~#000000^^1~495~-372~0~8~start~Times New Roman~6.5pt~#000000^^0~493~-370^^0~M 490 -373 L 487 -370 L 490 -367#@$P~show~~4~360~-405~180~rep10~0^^360~-405^^M 360 -405 h 30~#000000^^1~398~-400.5~0~SPI_SDA~start~Times New Roman~6.5pt~#000000^^1~385~-407~0~4~end~Times New Roman~6.5pt~#000000^^0~387~-405^^0~M 390 -402 L 393 -405 L 390 -408#@$P~show~~5~360~-395~180~rep11~0^^360~-395^^M 360 -395 h 30~#000000^^1~398~-390.5~0~SPI_CS~start~Times New Roman~6.5pt~#000000^^1~385~-397~0~5~end~Times New Roman~6.5pt~#000000^^0~387~-395^^0~M 390 -392 L 393 -395 L 390 -398#@$P~show~~6~360~-370~180~rep12~0^^360~-370^^M 360 -370 h 30~#000000^^1~398~-365.5~0~LCD_DC~start~Times New Roman~6.5pt~#000000^^1~385~-372~0~6~end~Times New Roman~6.5pt~#000000^^0~387~-370^^0~M 390 -367 L 393 -370 L 390 -373#@$P~show~~7~360~-360~180~rep13~0^^360~-360^^M 360 -360 h 30~#000000^^1~398~-355.5~0~LCD_BL~start~Times New Roman~6.5pt~#000000^^1~385~-362~0~7~end~Times New Roman~6.5pt~#000000^^0~387~-360^^0~M 390 -357 L 393 -360 L 390 -363#@$P~show~~10~520~-360~0~rep14~0^^520~-360^^M 520 -360 h -30~#000000^^1~482~-355.5~0~GND~end~Times New Roman~6.5pt~#000000^^1~495~-362~0~10~start~Times New Roman~6.5pt~#000000^^0~493~-360^^0~M 490 -363 L 487 -360 L 490 -357",
          "LIB~690~-380~package`0`~~0~ggecdd4d132bfe0f033~~~0~~yes~yes~~~#@$T~N~640~-319.6164~0~#000080~Times New Roman~6.5pt~5~~text-after-edge~comment~SPI154M1-240x240- 直插封装~1~start~rep16~0~#@$T~P~640~-440~0~#000080~Times New Roman~6.5pt~5~~text-after-edge~comment~LCD?~1~start~rep17~0~#@$R~640~-440~~~100~110~#4C5870~1~0~#FFF2CC~rep18~0~#@$P~show~~1~770~-390~0~rep19~0^^770~-390^^M 770 -390 h -30~#000000^^1~732~-385.5~0~3.3V~end~Times New Roman~6.5pt~#000000^^1~745~-392~0~1~start~Times New Roman~6.5pt~#000000^^0~743~-390^^0~M 740 -393 L 737 -390 L 740 -387#@$P~show~~2~770~-380~0~rep20~0^^770~-380^^M 770 -380 h -30~#000000^^1~732~-375.5~0~GND~end~Times New Roman~6.5pt~#000000^^1~745~-382~0~2~start~Times New Roman~6.5pt~#000000^^0~743~-380^^0~M 740 -383 L 737 -380 L 740 -377#@$P~show~~3~610~-410~180~rep21~0^^610~-410^^M 610 -410 h 30~#000000^^1~648~-405.5~0~SPI_SCL~start~Times New Roman~6.5pt~#000000^^1~635~-412~0~3~end~Times New Roman~6.5pt~#000000^^0~637~-410^^0~M 640 -407 L 643 -410 L 640 -413#@$P~show~~4~770~-370~0~rep22~0^^770~-370^^M 770 -370 h -30~#000000^^1~732~-365.5~0~GND~end~Times New Roman~6.5pt~#000000^^1~745~-372~0~4~start~Times New Roman~6.5pt~#000000^^0~743~-370^^0~M 740 -373 L 737 -370 L 740 -367#@$P~show~~5~610~-400~180~rep23~0^^610~-400^^M 610 -400 h 30~#000000^^1~648~-395.5~0~SPI_SDA~start~Times New Roman~6.5pt~#000000^^1~635~-402~0~5~end~Times New Roman~6.5pt~#000000^^0~637~-400^^0~M 640 -397 L 643 -400 L 640 -403#@$P~show~~6~610~-370~180~rep24~0^^610~-370^^M 610 -370 h 30~#000000^^1~648~-365.5~0~LCD_DC~start~Times New Roman~6.5pt~#000000^^1~635~-372~0~6~end~Times New Roman~6.5pt~#000000^^0~637~-370^^0~M 640 -367 L 643 -370 L 640 -373#@$P~show~~7~610~-390~180~rep25~0^^610~-390^^M 610 -390 h 30~#000000^^1~648~-385.5~0~SPI_CS~start~Times New Roman~6.5pt~#000000^^1~635~-392~0~7~end~Times New Roman~6.5pt~#000000^^0~637~-390^^0~M 640 -387 L 643 -390 L 640 -393#@$P~show~~8~610~-360~180~rep26~0^^610~-360^^M 610 -360 h 30~#000000^^1~648~-355.5~0~LCD_BL~start~Times New Roman~6.5pt~#000000^^1~635~-362~0~8~end~Times New Roman~6.5pt~#000000^^0~637~-360^^0~M 640 -357 L 643 -360 L 640 -363"
        ],
        "BBox": {
          "x": 358.9,
          "y": -454.6,
          "width": 412.1,
          "height": 139.9
        },
        "colors": {}
      }
    }
  ]
}