{
  "editorVersion": "6.4.25",
  "docType": "5",
  "title": "Sheet1.SchDoc",
  "description": "",
  "colors": {},
  "schematics": [
    {
      "docType": "1",
      "title": "Sheet1.SchDoc",
      "description": "",
      "dataStr": {
        "head": {
          "docType": "1",
          "editorVersion": "6.4.25",
          "importedFrom": "Altium",
          "uuid": "sheet_9493383906394719",
          "x": "45",
          "y": "visible",
          "portOfADImportHack": "",
          "importFlag": 0,
          "c_para": {},
          "transformList": "",
          "hasIdFlag": true,
          "newgId": true,
          "c_spiceCmd": null
        },
        "canvas": "CA~1000~1000~#FFFFFF~yes~#CCCCCC~5~1000~1000~line~5~pixel~5~0~0",
        "shape": [
          "LIB~460~-385~package`FPC10P-0.5MM`~~0~gge34892bf4c29d473e~~~0~~yes~yes~~~#@$T~N~410~-314.6164~0~#000080~Times New Roman~6.5pt~5~~text-after-edge~comment~SPI130M1-240x240- FPC封装~1~start~rep2~0~#@$T~P~410~-445~0~#000080~Times New Roman~6.5pt~5~~text-after-edge~comment~LCD?~1~start~rep3~0~#@$R~410~-445~~~100~120~#4C5870~1~0~#EBEDEC~rep4~0~#@$P~show~~1~540~-415~0~rep5~0^^540~-415^^M 540 -415 h -30~#204969^^1~502~-410.5~0~3.3V~end~Times New Roman~6.5pt~#204969^^1~515~-417~0~1~start~Times New Roman~6.5pt~#204969^^0~513~-415^^0~M 510 -418 L 507 -415 L 510 -412#@$P~show~~2~540~-405~0~rep6~0^^540~-405^^M 540 -405 h -30~#000000^^1~502~-400.5~0~3.3V~end~Times New Roman~6.5pt~#000000^^1~515~-407~0~2~start~Times New Roman~6.5pt~#000000^^0~513~-405^^0~M 510 -408 L 507 -405 L 510 -402#@$P~show~~3~540~-380~0~rep7~0^^540~-380^^M 540 -380 h -30~#000000^^1~502~-375.5~0~GND~end~Times New Roman~6.5pt~#000000^^1~515~-382~0~3~start~Times New Roman~6.5pt~#000000^^0~513~-380^^0~M 510 -383 L 507 -380 L 510 -377#@$P~show~~9~380~-415~180~rep8~0^^380~-415^^M 380 -415 h 30~#000000^^1~418~-410.5~0~SPI_SCL~start~Times New Roman~6.5pt~#000000^^1~405~-417~0~9~end~Times New Roman~6.5pt~#000000^^0~407~-415^^0~M 410 -412 L 413 -415 L 410 -418#@$P~show~~8~540~-370~0~rep9~0^^540~-370^^M 540 -370 h -30~#000000^^1~502~-365.5~0~GND~end~Times New Roman~6.5pt~#000000^^1~515~-372~0~8~start~Times New Roman~6.5pt~#000000^^0~513~-370^^0~M 510 -373 L 507 -370 L 510 -367#@$P~show~~4~380~-405~180~rep10~0^^380~-405^^M 380 -405 h 30~#000000^^1~418~-400.5~0~SPI_SDA~start~Times New Roman~6.5pt~#000000^^1~405~-407~0~4~end~Times New Roman~6.5pt~#000000^^0~407~-405^^0~M 410 -402 L 413 -405 L 410 -408#@$P~show~~5~380~-395~180~rep11~0^^380~-395^^M 380 -395 h 30~#000000^^1~418~-390.5~0~SPI_CS~start~Times New Roman~6.5pt~#000000^^1~405~-397~0~5~end~Times New Roman~6.5pt~#000000^^0~407~-395^^0~M 410 -392 L 413 -395 L 410 -398#@$P~show~~6~380~-370~180~rep12~0^^380~-370^^M 380 -370 h 30~#000000^^1~418~-365.5~0~LCD_DC~start~Times New Roman~6.5pt~#000000^^1~405~-372~0~6~end~Times New Roman~6.5pt~#000000^^0~407~-370^^0~M 410 -367 L 413 -370 L 410 -373#@$P~show~~7~380~-360~180~rep13~0^^380~-360^^M 380 -360 h 30~#000000^^1~418~-355.5~0~LCD_BL~start~Times New Roman~6.5pt~#000000^^1~405~-362~0~7~end~Times New Roman~6.5pt~#000000^^0~407~-360^^0~M 410 -357 L 413 -360 L 410 -363#@$P~show~~10~540~-360~0~rep14~0^^540~-360^^M 540 -360 h -30~#000000^^1~502~-355.5~0~GND~end~Times New Roman~6.5pt~#000000^^1~515~-362~0~10~start~Times New Roman~6.5pt~#000000^^0~513~-360^^0~M 510 -363 L 507 -360 L 510 -357",
          "LIB~710~-390~package`0`~~0~ggeb4b9e2ecea10e5ac~~~0~~yes~yes~~~#@$T~N~660~-329.6164~0~#000080~Times New Roman~6.5pt~5~~text-after-edge~comment~SPI130M1-240x240- 直插封装~1~start~rep16~0~#@$T~P~660~-450~0~#000080~Times New Roman~6.5pt~5~~text-after-edge~comment~LCD?~1~start~rep17~0~#@$R~660~-450~~~100~110~#4C5870~1~0~#FFF2CC~rep18~0~#@$P~show~~1~790~-400~0~rep19~0^^790~-400^^M 790 -400 h -30~#000000^^1~752~-395.5~0~3.3V~end~Times New Roman~6.5pt~#000000^^1~765~-402~0~1~start~Times New Roman~6.5pt~#000000^^0~763~-400^^0~M 760 -403 L 757 -400 L 760 -397#@$P~show~~2~790~-390~0~rep20~0^^790~-390^^M 790 -390 h -30~#000000^^1~752~-385.5~0~GND~end~Times New Roman~6.5pt~#000000^^1~765~-392~0~2~start~Times New Roman~6.5pt~#000000^^0~763~-390^^0~M 760 -393 L 757 -390 L 760 -387#@$P~show~~3~630~-420~180~rep21~0^^630~-420^^M 630 -420 h 30~#000000^^1~668~-415.5~0~SPI_SCL~start~Times New Roman~6.5pt~#000000^^1~655~-422~0~3~end~Times New Roman~6.5pt~#000000^^0~657~-420^^0~M 660 -417 L 663 -420 L 660 -423#@$P~show~~4~790~-380~0~rep22~0^^790~-380^^M 790 -380 h -30~#000000^^1~752~-375.5~0~GND~end~Times New Roman~6.5pt~#000000^^1~765~-382~0~4~start~Times New Roman~6.5pt~#000000^^0~763~-380^^0~M 760 -383 L 757 -380 L 760 -377#@$P~show~~5~630~-410~180~rep23~0^^630~-410^^M 630 -410 h 30~#000000^^1~668~-405.5~0~SPI_SDA~start~Times New Roman~6.5pt~#000000^^1~655~-412~0~5~end~Times New Roman~6.5pt~#000000^^0~657~-410^^0~M 660 -407 L 663 -410 L 660 -413#@$P~show~~6~630~-380~180~rep24~0^^630~-380^^M 630 -380 h 30~#000000^^1~668~-375.5~0~LCD_DC~start~Times New Roman~6.5pt~#000000^^1~655~-382~0~6~end~Times New Roman~6.5pt~#000000^^0~657~-380^^0~M 660 -377 L 663 -380 L 660 -383#@$P~show~~7~630~-400~180~rep25~0^^630~-400^^M 630 -400 h 30~#000000^^1~668~-395.5~0~SPI_CS~start~Times New Roman~6.5pt~#000000^^1~655~-402~0~7~end~Times New Roman~6.5pt~#000000^^0~657~-400^^0~M 660 -397 L 663 -400 L 660 -403#@$P~show~~8~630~-370~180~rep26~0^^630~-370^^M 630 -370 h 30~#000000^^1~668~-365.5~0~LCD_BL~start~Times New Roman~6.5pt~#000000^^1~655~-372~0~8~end~Times New Roman~6.5pt~#000000^^0~657~-370^^0~M 660 -367 L 663 -370 L 660 -373"
        ],
        "BBox": {
          "x": 378.9,
          "y": -459.6,
          "width": 412.1,
          "height": 144.9
        },
        "colors": {}
      }
    }
  ]
}